member_name,phrase,augmentation,audio_path,duration,tempo,mfcc_0,mfcc_1,mfcc_2,mfcc_3,mfcc_4,mfcc_5,mfcc_6,mfcc_7,mfcc_8,mfcc_9,mfcc_10,mfcc_11,mfcc_12,mfcc_13,mfcc_14,mfcc_15,mfcc_16,mfcc_17,mfcc_18,mfcc_19,mfcc_20,mfcc_21,mfcc_22,mfcc_23,mfcc_24,mfcc_25,spectral_centroid_mean,spectral_centroid_std,spectral_rolloff_mean,spectral_rolloff_std,spectral_bandwidth_mean,spectral_bandwidth_std,zcr_mean,zcr_std,rms_mean,rms_std,total_energy,energy_entropy,chroma_0,chroma_1,chroma_2,chroma_3,chroma_4,chroma_5,chroma_6,chroma_7,chroma_8,chroma_9,chroma_10,chroma_11,chroma_12,chroma_13,chroma_14,chroma_15,chroma_16,chroma_17,chroma_18,chroma_19,chroma_20,chroma_21,chroma_22,chroma_23
Oreste,yes_approve,original,Audios\Oreste_yes_approve.wav,2.688027210884354,129.19921875,-692.7576293945312,115.45233917236328,39.255584716796875,31.570661544799805,20.593822479248047,3.5898921489715576,0.44919684529304504,0.982312023639679,4.477971076965332,5.322350978851318,-1.9590250253677368,8.923774719238281,3.603822946548462,86.9513931274414,43.69017791748047,22.77971076965332,23.157791137695312,15.818554878234863,17.543977737426758,13.189360618591309,10.226472854614258,9.334649085998535,7.085880756378174,12.21288013458252,7.347456455230713,5.937930583953857,1675.71376307087,1077.6259049287505,3688.489190463362,2565.1940286440026,2334.841609995151,682.2577139673443,0.06304721174568965,0.07089504083197237,0.0012036535,0.0013141963,0.1886604130268097,6.167478,0.5349056720733643,0.48200303316116333,0.43828701972961426,0.44843924045562744,0.43196409940719604,0.4584500789642334,0.554452121257782,0.6346567869186401,0.6919757723808289,0.6878530979156494,0.5680292844772339,0.5366649031639099,0.3448222577571869,0.31003284454345703,0.294710248708725,0.28851526975631714,0.2731454074382782,0.29364579916000366,0.31031137704849243,0.30754825472831726,0.23861999809741974,0.2507513761520386,0.2773122489452362,0.33796289563179016
Oreste,yes_approve,pitch_shifted,Audios\Oreste_yes_approve.wav,2.688027210884354,129.19921875,-722.0930786132812,118.2577896118164,36.0150260925293,30.39971160888672,13.586886405944824,-1.659922480583191,-0.7662730813026428,2.4231011867523193,6.252645492553711,0.005188568029552698,2.054664373397827,9.245017051696777,-2.10723876953125,85.0713882446289,41.349185943603516,25.3293399810791,23.86490821838379,11.832515716552734,17.72826385498047,15.477672576904297,10.604423522949219,10.074202537536621,10.112156867980957,6.4733500480651855,5.821256637573242,10.174749374389648,1702.7582621129318,1069.2206139535251,3753.8313240840516,2524.0933729714575,2324.945887295263,667.7419433139808,0.06287042025862069,0.07214181668529944,0.0007738389,0.00080115837,0.07370851188898087,6.2194943,0.4807445704936981,0.44603773951530457,0.46789148449897766,0.44201210141181946,0.4043363034725189,0.40636926889419556,0.3855307102203369,0.4305085241794586,0.5168629288673401,0.5322842597961426,0.6559443473815918,0.6022181510925293,0.3048800826072693,0.31894564628601074,0.31159958243370056,0.30669334530830383,0.2863504886627197,0.28091537952423096,0.28060558438301086,0.3227781355381012,0.3423434793949127,0.2845086455345154,0.2834540605545044,0.25290927290916443
Oreste,yes_approve,time_stretched,Audios\Oreste_yes_approve.wav,2.24,143.5546875,-725.1553344726562,115.7718505859375,39.01023864746094,31.835739135742188,21.220794677734375,3.574795961380005,-1.263141393661499,0.2288200557231903,4.442173957824707,5.611245155334473,-2.2383975982666016,8.939958572387695,3.8611056804656982,85.46771240234375,42.50896453857422,22.24825668334961,23.489646911621094,14.546048164367676,16.68733787536621,13.861209869384766,10.588336944580078,8.610011100769043,8.015387535095215,12.60500717163086,6.970160961151123,5.485349178314209,1650.8707321867546,999.4237540740892,3708.0397773034792,2524.713886005252,2340.7922722236262,672.2247115190672,0.049049613402061855,0.054150877919921805,0.0008377131,0.00087201525,0.07262516021728516,5.9546266,0.4949275851249695,0.46390849351882935,0.4219784438610077,0.43660005927085876,0.43749114871025085,0.46269744634628296,0.5531855225563049,0.6430204510688782,0.6836209893226624,0.7068012952804565,0.526055634021759,0.47277799248695374,0.3366034924983978,0.321320503950119,0.3120468854904175,0.2954815924167633,0.26284047961235046,0.29320645332336426,0.30596598982810974,0.309853732585907,0.20268158614635468,0.25790709257125854,0.2304612696170807,0.29980143904685974
Oreste,yes_approve,noisy,Audios\Oreste_yes_approve.wav,2.688027210884354,123.046875,-314.0836594910371,1.0342628530471039,3.7081671056460173,3.3072949852592903,2.728650492039416,1.5593478460781733,0.5567581909621396,0.9079119609668479,1.2258099578894346,0.8036639364275131,0.3017594766661629,0.34084049026161195,-0.03240466057102327,6.894987194748317,7.663656099201028,6.3047635681322785,5.363430881400674,4.250551477014945,3.6105423875677154,2.9326258669013927,3.247803366159922,3.7157375108922674,3.454271555895534,3.3809033667744046,3.0638616394787985,3.0974358506205477,5413.752544068656,173.66663148041,9341.975981613685,105.1738398900537,3227.74841496981,68.41059156816507,0.46605182516163796,0.05468913338789405,0.005245871,0.0005397849,1.6621173522760282,6.850589,0.7782175772362535,0.7289993726538819,0.7576338810486343,0.7987930527154622,0.7855741999084183,0.6857768061948132,0.6806401852408929,0.7167330625983155,0.7958547307758981,0.7606892161189774,0.7198606145955971,0.7667863270719347,0.2396378479357087,0.23884808465870241,0.2356875482889911,0.2409161812834972,0.2389505551612446,0.22317704977455485,0.20794984364907068,0.17059441840758865,0.13244691123799018,0.1372522370257823,0.19894698004965652,0.22953313764967223
Oreste,yes_approve,speed_changed,Audios\Oreste_yes_approve.wav,2.4436734693877553,135.99917763157896,-723.1863403320312,114.73421478271484,38.75855255126953,31.707382202148438,22.655017852783203,4.943234443664551,-0.008146718144416809,-0.8501837849617004,3.479994058609009,4.243308067321777,-2.4573280811309814,8.574994087219238,3.8267903327941895,81.81170654296875,42.19256591796875,22.190404891967773,23.177734375,14.466292381286621,17.255477905273438,13.777328491210938,9.645024299621582,9.907683372497559,7.643269062042236,12.826215744018555,6.612493991851807,5.889384746551514,1649.3144219908095,1003.7743267414564,3710.516242261203,2506.5358755210877,2344.4407453413965,675.0482375451112,0.04856095224056604,0.05320875621424028,0.0008927343,0.00095625565,0.09290316700935364,6.050751,0.45161405205726624,0.4197116494178772,0.3923509418964386,0.4047778844833374,0.3796815574169159,0.42816662788391113,0.5363600254058838,0.6802247762680054,0.7432465553283691,0.7340830564498901,0.5434122681617737,0.46587109565734863,0.3252401351928711,0.30242326855659485,0.2867707312107086,0.2981970012187958,0.2746129035949707,0.2879718542098999,0.30194002389907837,0.3264756202697754,0.2255765199661255,0.2577980160713196,0.26986485719680786,0.3178635537624359
Oreste,yes_approve,reverb,Audios\Oreste_yes_approve.wav,2.688027210884354,184.5703125,-1094.2642084641259,50.111846511949885,44.30312030981149,37.19907987990897,29.749477264615418,22.457866313544848,16.452630331148494,12.45735756625068,10.001494673371674,8.496038280114451,7.834409915039966,7.553864739193236,6.8246041260253545,18.876361176065608,23.698955466255565,17.365937684504438,11.60359073218974,7.33388784126207,6.126316419244733,7.696298865422916,7.786534201209475,7.205704331717404,6.979490047759178,5.988926458805912,4.1878712283803905,3.4734223810894993,226.94712614659412,152.09014279690695,273.52736900592674,267.3395846085714,613.6519613348163,385.6529396865497,0.008073477909482759,0.0032385303231159553,1.646595e-05,1.2605439e-05,2.5543243212682584e-05,6.490486,0.5795683937596375,0.48950561243492846,0.41373387093813213,0.37705111838352334,0.3519509745296948,0.37887371516889645,0.4650877959841649,0.6271619145392645,0.7025503410147252,0.7151881329112826,0.5948845826008304,0.583774233415205,0.3825517615934952,0.33368955202775863,0.2997816518568668,0.2826967447262226,0.24644391615800526,0.28144530510249843,0.2663668415850419,0.29958245415864143,0.22671161906419438,0.25597664214616106,0.2441884207711149,0.33376784884928595
Oreste,confirm_transaction,original,Audios\Oreste_confirm_transaction.wav,2.453333333333333,99.38401442307692,-599.9549560546875,122.31834411621094,20.092477798461914,23.047637939453125,22.214401245117188,8.616006851196289,-2.4988698959350586,-0.7285879850387573,5.05096960067749,4.243131637573242,-2.6589388847351074,3.3786768913269043,0.268685907125473,101.55496978759766,44.15972900390625,19.151695251464844,20.8276309967041,20.56334686279297,10.968317031860352,11.267070770263672,9.083711624145508,6.2681732177734375,7.76365852355957,9.317496299743652,6.333303451538086,9.41360092163086,1485.564514223529,811.0620127890476,3092.0460826945755,2120.3666941831234,2091.914374980932,554.7619929266178,0.05975917600235849,0.05502247880818661,0.0027576215,0.0025070074,0.7538236975669861,6.137247,0.5197046995162964,0.4107537269592285,0.3773259222507477,0.4281618297100067,0.3450997471809387,0.3707709312438965,0.40864214301109314,0.5313284993171692,0.5792413353919983,0.5410399436950684,0.4642687737941742,0.5184122920036316,0.3486114740371704,0.30021798610687256,0.3009111285209656,0.32875970005989075,0.2709769308567047,0.30896010994911194,0.2713814377784729,0.3341512978076935,0.32868629693984985,0.28216129541397095,0.2550913989543915,0.31999635696411133
Oreste,confirm_transaction,pitch_shifted,Audios\Oreste_confirm_transaction.wav,2.453333333333333,99.38401442307692,-627.1961059570312,124.21610260009766,16.407424926757812,23.473730087280273,16.457122802734375,2.893188238143921,-4.670766830444336,1.5025461912155151,5.154099941253662,-0.9733157753944397,-0.3220059275627136,4.423935413360596,-0.5062775015830994,99.928466796875,42.4857177734375,17.88766098022461,22.905170440673828,17.630531311035156,12.482711791992188,12.471242904663086,7.378613471984863,6.934074401855469,8.981431007385254,7.176929950714111,10.853219985961914,7.254351615905762,1507.4170995594093,786.9924102671481,3109.4148455925706,2002.1484736634543,2074.6145036521466,550.5011594101169,0.05936762971698113,0.0550106349401236,0.0018336199,0.0016920695,0.33786728978157043,6.1551423,0.37927407026290894,0.47558799386024475,0.4949450194835663,0.3853684663772583,0.397322416305542,0.4556592106819153,0.3273012340068817,0.3400627672672272,0.35657498240470886,0.44134971499443054,0.5007684826850891,0.4566047489643097,0.24811218678951263,0.3241274952888489,0.3296314477920532,0.30811387300491333,0.29663097858428955,0.3105388879776001,0.2610931992530823,0.3038376271724701,0.24332191050052643,0.335955947637558,0.3302050828933716,0.2689230442047119
Oreste,confirm_transaction,time_stretched,Audios\Oreste_confirm_transaction.wav,2.0444444444444443,123.046875,-635.4208374023438,124.76727294921875,17.285884857177734,21.37837028503418,19.903562545776367,7.578742980957031,-3.840700626373291,-2.368687629699707,4.1898417472839355,3.2619986534118652,-3.4090418815612793,3.732480049133301,0.8557683825492859,105.35611724853516,40.70719909667969,16.040599822998047,20.191774368286133,19.898508071899414,10.515873908996582,11.355299949645996,9.49483871459961,6.174499988555908,7.6415839195251465,8.981239318847656,6.41370964050293,8.68356704711914,1510.1074815948816,707.3608868719875,3112.273689870084,1852.529698859062,2132.9085913136823,485.9381105711864,0.0532007110252809,0.042987256693938755,0.0015731122,0.001440154,0.20728114247322083,5.9163246,0.45077022910118103,0.42522114515304565,0.5230169296264648,0.40776073932647705,0.38705578446388245,0.4476165771484375,0.5242977142333984,0.569884717464447,0.5522951483726501,0.45022475719451904,0.5071569681167603,0.5461344122886658,0.29549065232276917,0.29447856545448303,0.3065791428089142,0.2569073438644409,0.31632527709007263,0.292182594537735,0.3174273669719696,0.3298720121383667,0.2886470854282379,0.2403637170791626,0.29753562808036804,0.33783158659935
Oreste,confirm_transaction,noisy,Audios\Oreste_confirm_transaction.wav,2.453333333333333,123.046875,-307.82004793832255,8.647049176018706,8.665983882351998,5.479076136044806,3.941531241151818,2.6117444825226586,1.453994433427576,1.071429332848102,1.2521408463921186,1.0476432108456941,0.06316017163014609,0.7763897120603404,1.1258860523930108,12.46977993391368,13.45046097611946,8.427955182608416,6.170679773196995,6.0572403862692275,4.892197028663831,3.74193712325222,2.853892747143547,3.148409722510117,3.677497233152741,3.9127712151569103,3.2387354170491314,3.952945870169481,5227.5929963248955,335.5051083989204,9256.33176407724,150.00175068100765,3291.9518456009437,116.70017340353714,0.4174297980542453,0.09052556599079517,0.0060482128,0.0014677829,2.112996213320827,6.6886916,0.7040314202132976,0.6527949227518677,0.673643807245127,0.7063167809810922,0.6613468929084197,0.603915957757807,0.5997276570364345,0.6712895957532881,0.6781098950661371,0.6888015864041422,0.6924012741833773,0.7419778248392295,0.2654541498023388,0.2719953087494693,0.26201378468702075,0.26865697154509366,0.29408583937388305,0.2670581064680952,0.23084809909151854,0.2748348563593935,0.26310949751189394,0.24393208477024172,0.24257002837326985,0.25333851853945977
Oreste,confirm_transaction,speed_changed,Audios\Oreste_confirm_transaction.wav,2.230294784580499,112.34714673913044,-630.8561401367188,123.13806915283203,20.372900009155273,21.724884033203125,20.36186981201172,7.172369003295898,-4.15246057510376,-1.4357826709747314,4.424222469329834,3.0638952255249023,-3.2318196296691895,4.000861644744873,1.1420745849609375,99.15116119384766,39.921287536621094,17.027008056640625,20.855342864990234,21.204959869384766,10.55342960357666,12.001797676086426,9.259978294372559,5.597168922424316,7.173304080963135,9.443416595458984,6.128594398498535,8.626133918762207,1474.2947289643917,709.083695068598,3023.306117106959,1871.7425552383493,2108.1836405948493,483.8128249343043,0.0541589481314433,0.04289178192244783,0.0016374334,0.0015055693,0.2457369714975357,6.044521,0.5097743272781372,0.409572958946228,0.4932263493537903,0.543757438659668,0.3746901750564575,0.3838318884372711,0.4126927852630615,0.4771859347820282,0.4999893009662628,0.4687451124191284,0.47045353055000305,0.5420721173286438,0.33093923330307007,0.2897202670574188,0.30735301971435547,0.33661022782325745,0.2923811078071594,0.30962321162223816,0.2609614431858063,0.30190956592559814,0.3003861904144287,0.26244592666625977,0.27020519971847534,0.32982149720191956
Oreste,confirm_transaction,reverb,Audios\Oreste_confirm_transaction.wav,2.453333333333333,184.5703125,-1072.944965098214,74.65999099097239,56.81824146050087,39.852129365203496,28.317978650918185,20.613280897809656,15.086816005153405,11.41277142193945,8.785385045767448,6.588151505155787,5.470914098340425,5.76366430696889,6.180758804602901,31.682130374795758,36.470418567401765,19.863339389361293,13.98717725154499,15.390311252655072,10.944275260305124,7.821784405335492,7.654072734732173,5.450876198194354,4.863876671842571,5.381833065511378,4.696383045723944,5.355364381064961,264.7954404214221,169.21702114189753,397.1453972582547,397.6177495402806,607.9589354365185,370.83248671180206,0.00988078567216981,0.004690892119461591,3.2666612e-05,2.481593e-05,9.134902823687361e-05,6.3017545,0.533345863306402,0.42792492778640495,0.3740354413285661,0.36723107922277143,0.3294825595131533,0.36104760560665067,0.4093615974394601,0.5591826721467585,0.5927511282241112,0.5636333235649426,0.5169334695931044,0.5597533856427043,0.360102836996248,0.32061721727018555,0.3227184859987188,0.33629065097548233,0.2940627632436427,0.31125399656632563,0.26617364815996397,0.347019765443323,0.32175811886159966,0.2739792216591847,0.22869865639058579,0.3311302145802382
Ganza,yes_approve,original,Audios\Ganza_yes_approve.wav,2.8560544217687074,99.38401442307692,-467.6081848144531,40.52397155761719,2.3069005012512207,-1.7158821821212769,-27.221799850463867,-10.778756141662598,-11.080082893371582,-9.595073699951172,-7.263209342956543,-5.464029788970947,-7.80389404296875,2.769705295562744,-1.6491810083389282,106.68804168701172,65.01202392578125,18.934112548828125,18.232948303222656,30.152603149414062,19.691425323486328,15.190681457519531,13.9947509765625,12.638102531433105,11.916608810424805,12.458372116088867,8.4574556350708,8.005179405212402,2598.4849869087334,1457.6678178090099,4915.474577872984,2896.399267257677,2157.504756750791,990.3616610341778,0.1175261466733871,0.12171574920608952,0.023701902,0.05124159,202.36683654785156,4.9876966,0.4288313686847687,0.4563414752483368,0.4204303026199341,0.46688026189804077,0.4594147801399231,0.4628547430038452,0.4609227776527405,0.4342319369316101,0.4344746470451355,0.44385549426078796,0.4653761386871338,0.40810027718544006,0.33145567774772644,0.35564714670181274,0.31587111949920654,0.3638513386249542,0.359813928604126,0.36490339040756226,0.35668689012527466,0.3363761007785797,0.32148998975753784,0.3249886631965637,0.3342531621456146,0.3098163902759552
Ganza,yes_approve,pitch_shifted,Audios\Ganza_yes_approve.wav,2.8560544217687074,103.359375,-499.8728332519531,40.40021896362305,0.6588172912597656,-10.285883903503418,-29.81254768371582,-9.061238288879395,-12.4315767288208,-9.730426788330078,-5.990472316741943,-6.194948196411133,-1.0581231117248535,5.176065444946289,-0.4479350745677948,111.92684936523438,65.76553344726562,17.6917724609375,18.39032745361328,30.612106323242188,19.397220611572266,17.9068546295166,14.439090728759766,12.721016883850098,11.469685554504395,7.969161033630371,7.610016345977783,5.206421375274658,2824.3996433157768,1465.8983436700157,5344.228436869959,2716.3858662985676,2339.689429415984,852.8577127017124,0.1263939642137097,0.13337989783945378,0.014912654,0.027943214,63.69184875488281,5.243161,0.4917638599872589,0.4203113913536072,0.42757025361061096,0.44851401448249817,0.38927000761032104,0.4299466609954834,0.45337745547294617,0.44464215636253357,0.45269665122032166,0.43971842527389526,0.4856785535812378,0.47958284616470337,0.3687756657600403,0.3086751401424408,0.34494635462760925,0.3547843396663666,0.29483240842819214,0.33360928297042847,0.3571056127548218,0.33978116512298584,0.3395909070968628,0.32954826951026917,0.33864977955818176,0.3326667547225952
Ganza,yes_approve,time_stretched,Audios\Ganza_yes_approve.wav,2.380045351473923,123.046875,-495.17681884765625,44.44127655029297,3.195063591003418,-0.7278487682342529,-28.673648834228516,-11.067659378051758,-11.654596328735352,-11.421609878540039,-8.499141693115234,-6.015300750732422,-7.7187819480896,3.168044090270996,-1.7655004262924194,107.8930435180664,65.95988464355469,16.984210968017578,18.07704734802246,30.52824592590332,19.199508666992188,16.046110153198242,15.134712219238281,13.329614639282227,11.566872596740723,11.509564399719238,8.656866073608398,8.211725234985352,2592.595520493272,1355.4464742774505,5004.588184541869,2662.0986580765534,2221.243583019957,889.7513892022145,0.11533392748786407,0.11899758998931036,0.016182939,0.032462224,69.3839111328125,4.8852234,0.40104153752326965,0.43325963616371155,0.4175810217857361,0.41046789288520813,0.4871100187301636,0.45546382665634155,0.44341611862182617,0.4064828157424927,0.42418137192726135,0.4651653468608856,0.44604960083961487,0.4289219379425049,0.30469194054603577,0.32727229595184326,0.3370033800601959,0.30558571219444275,0.38268885016441345,0.35540518164634705,0.3315775990486145,0.32431063055992126,0.32342252135276794,0.3044988214969635,0.33371472358703613,0.31534847617149353
Ganza,yes_approve,noisy,Audios\Ganza_yes_approve.wav,2.8560544217687074,103.359375,-292.36592652103457,13.416988221379656,6.419904238147909,-0.8412341475959133,-11.964701854428483,-7.303360604876166,-7.882356781995895,-8.469383860047307,-4.225307730536912,-4.414126867342842,-4.130387776039172,0.6491237975346299,-1.0845949016631424,39.44595319072902,36.04621246634219,11.093646547140898,10.963057912592147,16.644513513856246,14.96993963197342,11.391749678078543,12.317258845176443,9.931838540749082,8.300703581950517,7.394902449039718,6.20645532579626,4.670143973901715,4751.029820289282,1302.4520316337837,8353.927710748489,1909.2137513281987,3050.0415669223007,373.9995018024739,0.39720892137096775,0.15761367915167024,0.02662962,0.050055683,204.10192066390223,5.5635395,0.630119158000085,0.6690434512431421,0.6368693657854981,0.6437691824906598,0.6059023970123215,0.5620463346479465,0.5562671103216306,0.5593413585265746,0.5985652608694517,0.6192583644073897,0.6330222249229063,0.5936805007770257,0.3323206773672508,0.3424586867706669,0.32962955595041726,0.3774032589624946,0.3631129884246827,0.3168148644155366,0.3043344934541826,0.3130488550965414,0.3106152643076105,0.31692487536335257,0.3150865760385925,0.3199272629853432
Ganza,yes_approve,speed_changed,Audios\Ganza_yes_approve.wav,2.5964172335600906,112.34714673913044,-498.7919616699219,44.40328598022461,2.4726223945617676,-2.0154738426208496,-29.42534828186035,-11.4022216796875,-11.798372268676758,-11.025496482849121,-8.166801452636719,-6.026017189025879,-8.754376411437988,2.437244415283203,-2.311800241470337,108.59856414794922,66.44390869140625,17.11968231201172,17.683595657348633,30.242488861083984,20.277217864990234,15.157430648803711,14.906978607177734,13.311651229858398,11.356388092041016,12.808436393737793,8.676546096801758,8.708425521850586,2637.718836218986,1408.0398778929527,5022.908020019531,2787.0840659288087,2208.009080850262,916.0108281654899,0.12261090959821429,0.1209881644291282,0.015617028,0.031802833,71.9846420288086,4.9921317,0.42573171854019165,0.44801780581474304,0.41576069593429565,0.40543362498283386,0.468706876039505,0.41718578338623047,0.4428746700286865,0.43084555864334106,0.4266444742679596,0.4660826623439789,0.4744036793708801,0.48919448256492615,0.3114720582962036,0.3379318118095398,0.3325529992580414,0.3127838969230652,0.3718957006931305,0.3289429247379303,0.339821457862854,0.32655829191207886,0.32583484053611755,0.31569722294807434,0.33290597796440125,0.34789061546325684
Ganza,yes_approve,reverb,Audios\Ganza_yes_approve.wav,2.8560544217687074,103.359375,-1043.0404333405609,73.82291227494514,34.64441441517638,11.419165061120415,-7.759403414372507,-3.1176657055329082,-1.982018321898247,-3.9268358108326846,0.48099373838989734,0.0243100958388576,1.1665482212674467,6.978808259221432,6.402183565632823,73.28158119633379,67.5637600368763,25.713287176385055,14.576243111334303,23.49342592314362,16.28110602606733,12.679346533543598,17.727231519547384,10.65814921763837,10.651959823194538,10.071610952157906,8.042901745104981,5.734201050610446,295.66508672834925,406.02349576476445,615.9538022933468,1196.0180068098007,638.4298207573736,621.431950800599,0.005949943296370968,0.01148764965381476,0.00020873365,0.00015992617,0.004390157426873692,6.6235943,0.5526147360513186,0.5717524942432598,0.604609605369142,0.6409091625535827,0.6700581242323338,0.6906400600105468,0.7502990789821777,0.7056240655445625,0.6950558479301729,0.6882887657120281,0.6591711558679856,0.5886934293388394,0.31120841638082875,0.3455662151966262,0.38136881050851906,0.3908520411260679,0.40293999809176717,0.3895649627164353,0.3681186851013994,0.35134591556093925,0.335884284843644,0.29533768422572687,0.2703109405988201,0.2520593619752651
Ganza,confirm_transaction,original,Audios\Ganza_confirm_transaction.wav,3.900952380952381,184.5703125,-508.4071350097656,46.2386360168457,-0.9822747111320496,-4.0086140632629395,-28.05658531188965,-5.543318748474121,-5.4457106590271,-12.048574447631836,-3.2884905338287354,-5.135602951049805,-3.844707727432251,5.4685258865356445,-1.4268220663070679,123.38314056396484,65.37541198730469,23.063682556152344,19.524925231933594,37.992671966552734,12.128247261047363,11.050739288330078,18.543691635131836,12.693573951721191,13.307347297668457,10.258394241333008,8.090763092041016,8.194865226745605,2462.896373194501,1131.6268601435659,5357.244331314719,2877.789989489163,2453.256768784738,1054.230363344367,0.05383806397928994,0.07328201487771457,0.017670676,0.03828618,153.8540802001953,5.3667736,0.504388689994812,0.548760175704956,0.49956128001213074,0.4693450927734375,0.5103023052215576,0.5400269627571106,0.48533105850219727,0.5175328254699707,0.5468783974647522,0.5792572498321533,0.5053084492683411,0.4628749191761017,0.3216192126274109,0.32008156180381775,0.3374997079372406,0.3478493392467499,0.33855509757995605,0.34207212924957275,0.32840418815612793,0.34410175681114197,0.32773295044898987,0.3308246433734894,0.3194750249385834,0.3123212158679962
Ganza,confirm_transaction,pitch_shifted,Audios\Ganza_confirm_transaction.wav,3.900952380952381,184.5703125,-548.5042724609375,46.72955322265625,-2.6984920501708984,-11.27795124053955,-30.185199737548828,-1.3406919240951538,-9.898311614990234,-10.5224027633667,-1.6456611156463623,-5.25548791885376,3.563045024871826,5.250209331512451,0.15045996010303497,138.1065673828125,61.619476318359375,20.125537872314453,24.459667205810547,38.960479736328125,9.37097454071045,16.630287170410156,18.331449508666992,8.77010726928711,14.128381729125977,7.768439292907715,8.747361183166504,7.2139482498168945,2459.5247856959013,992.2755012942256,5423.882587139423,2559.656949024924,2550.85189129865,881.0014052397117,0.06130674463757396,0.07931178480680985,0.012177221,0.024432674,64.48413848876953,5.4970875,0.5173867344856262,0.4795679748058319,0.5236002802848816,0.5696167349815369,0.49049076437950134,0.4190821051597595,0.5006800889968872,0.5467325448989868,0.45672324299812317,0.48443806171417236,0.5405501127243042,0.5885559916496277,0.3148995041847229,0.31578320264816284,0.31944963335990906,0.30627894401550293,0.3020760118961334,0.3028984069824219,0.328920841217041,0.3387588560581207,0.31022894382476807,0.32561659812927246,0.3159579038619995,0.32715895771980286
Ganza,confirm_transaction,time_stretched,Audios\Ganza_confirm_transaction.wav,3.250793650793651,112.34714673913044,-536.9330444335938,49.234127044677734,-0.22057262063026428,-3.497042655944824,-30.44679832458496,-6.68749475479126,-5.872744560241699,-13.109996795654297,-4.645190715789795,-4.9050822257995605,-4.409739017486572,6.004683494567871,-0.137166365981102,127.96200561523438,62.9493408203125,21.398162841796875,19.28415870666504,39.1993293762207,12.881768226623535,11.080766677856445,19.2246036529541,14.194055557250977,12.231364250183105,10.421056747436523,8.389826774597168,6.6909356117248535,2359.8850726327646,968.6326542065285,5267.693442486702,2657.5254293109856,2488.324800096008,953.94624776436,0.053648603723404256,0.06608325004723774,0.013809538,0.027621908,68.84757232666016,5.246578,0.5018385052680969,0.5550426244735718,0.4848439693450928,0.44250744581222534,0.5198399424552917,0.5562441945075989,0.4897903501987457,0.48000210523605347,0.4942006766796112,0.5131155848503113,0.4742162823677063,0.4574844539165497,0.31490084528923035,0.3248753249645233,0.3529014587402344,0.3489497900009155,0.34747734665870667,0.35423699021339417,0.347367525100708,0.3420872986316681,0.32943829894065857,0.31743088364601135,0.3155038356781006,0.31947603821754456
Ganza,confirm_transaction,noisy,Audios\Ganza_confirm_transaction.wav,3.900952380952381,107.666015625,-292.4432453499371,16.80786429542288,4.026124662634357,-4.692055346155655,-12.707167474148076,-7.291744514520039,-3.8087540606978894,-6.579317926384254,-4.333713876740793,-2.620382845356137,-1.098479774132122,1.503192520816885,0.08868724499336794,39.72020255286368,35.458180936710505,11.042956753709682,16.11871065774379,21.063481055922185,13.03181704979328,9.550140433921987,10.523884556923711,8.445788231431884,8.400851900581566,5.244425882310901,6.400006909746463,5.339121049604378,4736.031667776614,1266.7090712770594,8452.100765070267,1855.4937625284915,3109.1897865031133,291.3169744243628,0.3912172938239645,0.15473119616103095,0.020923363,0.036957897,156.07449412711236,6.1478186,0.6916207952695882,0.7031045131226971,0.672093150037236,0.6612818461501497,0.6836793186812812,0.6002588017435571,0.603979692788334,0.6496528991956798,0.6655761731966806,0.6710111774729909,0.649705477983164,0.6838408204010722,0.2791195597818385,0.26901878753895947,0.3418786044882984,0.3573264789565095,0.33151424689978476,0.3129075586625462,0.3015447824585125,0.29312600620569357,0.2834447158318526,0.272607325029787,0.2986967866408532,0.32218703715958646
Ganza,confirm_transaction,speed_changed,Audios\Ganza_confirm_transaction.wav,3.5463038548752834,198.76802884615384,-544.7573852539062,50.435420989990234,-0.1509375423192978,-3.2318501472473145,-30.903169631958008,-6.150216102600098,-5.830606937408447,-12.984479904174805,-4.671604633331299,-5.045352935791016,-4.466232776641846,6.068123817443848,-0.4212707281112671,132.6653594970703,63.89195251464844,21.341020584106445,19.720958709716797,39.795562744140625,12.383828163146973,11.238285064697266,19.09784507751465,14.560365676879883,12.513484954833984,10.786405563354492,8.34097957611084,7.376805305480957,2377.6588213416485,1011.9255456810406,5241.575712316177,2732.4378163296733,2477.8613254889806,974.859668410747,0.05556512969771242,0.06792449644193643,0.012770333,0.026150165,66.34374237060547,5.345146,0.47580066323280334,0.53403240442276,0.4636133313179016,0.4524908661842346,0.5246562957763672,0.5434483289718628,0.47450336813926697,0.4957229495048523,0.4974924623966217,0.5321950912475586,0.48455098271369934,0.4357451796531677,0.2870798408985138,0.324501097202301,0.33682185411453247,0.34778133034706116,0.33613321185112,0.3595641553401947,0.34279167652130127,0.3560630679130554,0.336681067943573,0.3299989402294159,0.32733088731765747,0.2874603867530823
Ganza,confirm_transaction,reverb,Audios\Ganza_confirm_transaction.wav,3.900952380952381,184.5703125,-1057.4592405212672,72.99174785769799,28.476336984615454,3.748856574071917,-9.55795467537589,-1.4361441511221624,3.4685635126322185,-1.486953790121168,1.495558987491994,2.670238986787955,5.335375257254151,10.841309196865646,9.538913192176624,78.2171242754233,73.64360738435745,26.339317166694997,20.63904836011225,25.467464769761463,15.03030480699474,10.387252025189436,14.9777968636438,11.547114485889896,10.702248299473178,7.729058654432853,7.032339482225847,6.251392697271965,224.30907693991512,305.9485795466109,423.59250762758876,753.6457702996197,473.23463148599234,473.8377146833042,0.005255524223372781,0.011376960722849307,0.00018168478,8.806537e-05,0.00352744146960168,7.238552,0.6532502076502372,0.7354785956614585,0.7026748438118317,0.69460820748725,0.7602475520153017,0.7401283687056474,0.7041542687518134,0.730374423210791,0.7013369719413325,0.6824126692786056,0.5945499582670872,0.5622799156109577,0.2900121939338929,0.28054351108843334,0.3439446056116707,0.377289688919362,0.36119424384194965,0.36539815763922484,0.38191101935427385,0.3332013440249571,0.30372048010563973,0.2842233308394875,0.2759359132616346,0.28393013759135366
gershom,yes_approve,original,Audios\gershom_yes_approve.wav,2.986666666666667,234.90767045454547,-611.9522705078125,45.73348617553711,-5.3869476318359375,12.699117660522461,-14.315199851989746,7.625239372253418,-15.80186939239502,4.973261833190918,-7.329054355621338,-3.4296212196350098,-1.5151755809783936,-5.813610076904297,0.6884295344352722,160.48475646972656,68.69493865966797,25.481653213500977,34.58341598510742,26.058090209960938,23.136449813842773,22.375152587890625,10.260283470153809,13.782683372497559,11.836674690246582,10.760645866394043,10.135659217834473,11.38110637664795,2196.429054567261,1647.5110188045849,4307.1413971656975,2978.5151596918163,1753.3014887636493,1129.7268768656409,0.2666431988856589,0.2583938365927032,0.0075387056,0.013470834,15.738938331604004,5.2728467,0.3551201820373535,0.3656625747680664,0.43666407465934753,0.43381166458129883,0.37389466166496277,0.397503137588501,0.3883645832538605,0.3361263573169708,0.3811093270778656,0.3697179853916168,0.36381784081459045,0.41231945157051086,0.34740689396858215,0.3324609398841858,0.36018505692481995,0.3684588074684143,0.3332896828651428,0.3667685091495514,0.33630111813545227,0.3210606575012207,0.3645654320716858,0.3428599536418915,0.3235303461551666,0.394327849149704
gershom,yes_approve,pitch_shifted,Audios\gershom_yes_approve.wav,2.986666666666667,103.359375,-624.029296875,39.01582717895508,-3.031975030899048,5.6839280128479,-13.352387428283691,4.001986026763916,-15.76621150970459,6.602901935577393,-13.346149444580078,1.8144874572753906,-8.446446418762207,-2.347784996032715,-8.846266746520996,158.7698211669922,62.882041931152344,25.31606674194336,28.53312873840332,20.876432418823242,20.4442081451416,23.750808715820312,8.644908905029297,18.90974998474121,11.297414779663086,17.470890045166016,10.181110382080078,13.686028480529785,2594.3430165659397,1696.3307367696154,5076.243981649709,2926.5198652004665,2032.4742773256025,1056.458640731256,0.1659172117248062,0.14932863004598704,0.0051351907,0.009068692,7.1735639572143555,5.3096056,0.3682011067867279,0.4020122289657593,0.3513992130756378,0.3601437211036682,0.43238580226898193,0.45270872116088867,0.3746296465396881,0.40990886092185974,0.42096155881881714,0.35372257232666016,0.3773937225341797,0.37278038263320923,0.29888299107551575,0.36657726764678955,0.3332391381263733,0.3166952431201935,0.34450340270996094,0.35537734627723694,0.31944677233695984,0.343016654253006,0.3359467685222626,0.30418649315834045,0.3321084976196289,0.32097670435905457
gershom,yes_approve,time_stretched,Audios\gershom_yes_approve.wav,2.488888888888889,123.046875,-638.2683715820312,47.927398681640625,-7.22822380065918,13.43911075592041,-16.699180603027344,9.162548065185547,-17.895902633666992,5.55748176574707,-8.6173677444458,-3.8107175827026367,-2.0640690326690674,-6.395641326904297,1.2927087545394897,166.06561279296875,67.09136199951172,23.24983024597168,34.88541793823242,26.887250900268555,23.584611892700195,23.27352523803711,10.302355766296387,14.864219665527344,11.890938758850098,11.299683570861816,10.375544548034668,10.22221565246582,2348.1664239673883,1520.6506588730808,4634.423828125,2715.1570431087475,1909.5694182346447,1018.3321609657551,0.14726652922453703,0.13005862534514837,0.0053391256,0.009091724,6.147019863128662,5.11856,0.3613506853580475,0.34981438517570496,0.4261041283607483,0.46714329719543457,0.4082660973072052,0.38064682483673096,0.4300731122493744,0.3520762622356415,0.34942498803138733,0.3788326680660248,0.37778496742248535,0.4130600392818451,0.3338145315647125,0.31833988428115845,0.3458494246006012,0.3457242250442505,0.34262534976005554,0.3252145051956177,0.35237962007522583,0.31193700432777405,0.32471945881843567,0.3441193103790283,0.29655101895332336,0.36409908533096313
gershom,yes_approve,noisy,Audios\gershom_yes_approve.wav,2.986666666666667,123.046875,-299.7527726227735,6.178502636156056,5.608759257386986,3.8866026458409686,-2.1041711416734246,1.289986982298866,-3.3041581157195745,-0.5018586081942172,-1.6229908824319947,-1.5420282173979492,-1.0434341879297129,-0.6704761758016156,-1.1125155064438295,27.99885705145431,23.57918478369239,13.062285451886003,12.490184824304864,11.833246619031408,10.408207558945792,8.379259350735952,5.106457818072042,5.186668647442006,6.669216666752535,6.800386501602482,7.059459429608734,6.082592338658626,5090.184357299047,791.6764024025161,8943.623955305233,760.2908251537644,3156.889533069905,294.7850564302475,0.4192784035852713,0.12968875787129594,0.010917483,0.011969767,17.346734099754116,6.423963,0.6453045941116433,0.6416180547428356,0.7053920035437229,0.7310584733561036,0.6957148114398071,0.6316320120981984,0.6114808043928045,0.5677570753803589,0.6282223718199701,0.6362650334867117,0.6332185699300293,0.6734909520506859,0.3093825140611195,0.30653337063617936,0.284529350668474,0.28964527067233453,0.3148988005407924,0.2747066714712152,0.25032293619439794,0.2584761467302968,0.2917365780259808,0.2822939929252893,0.2591167602422353,0.30633133221666276
gershom,yes_approve,speed_changed,Audios\gershom_yes_approve.wav,2.7151473922902496,112.34714673913044,-630.5299682617188,46.17255783081055,-6.544156074523926,12.645983695983887,-15.971649169921875,8.352714538574219,-17.815792083740234,5.227761268615723,-8.216620445251465,-4.118400573730469,-2.0278799533843994,-6.345242977142334,0.933648943901062,159.94296264648438,66.85680389404297,22.589487075805664,34.17955017089844,26.901073455810547,23.478395462036133,22.832006454467773,10.387853622436523,13.909439086914062,12.711091995239258,11.043299674987793,10.714189529418945,11.019023895263672,2393.9508892212643,1542.254163942258,4734.267953725962,2759.1902123152972,1920.193172394071,1026.6601772286301,0.1545806623931624,0.13207831334127293,0.0054262844,0.0095062675,7.177318096160889,5.1871953,0.376158207654953,0.35968396067619324,0.44442251324653625,0.5040670037269592,0.41384682059288025,0.3728989362716675,0.4330393075942993,0.37557119131088257,0.34707996249198914,0.395161509513855,0.37921831011772156,0.4047068953514099,0.33623266220092773,0.32049617171287537,0.34175822138786316,0.3720075190067291,0.3338850140571594,0.30846625566482544,0.3651686906814575,0.3161682188510895,0.302615761756897,0.34406644105911255,0.30985671281814575,0.356361448764801
gershom,yes_approve,reverb,Audios\gershom_yes_approve.wav,2.986666666666667,123.046875,-1074.376970809301,51.722197235794624,27.14469276184048,14.128962636286866,3.5251497237853355,4.575222852656367,-2.4304833152941545,-0.06638217625924939,-1.589018444875348,-3.3848466784762405,-2.820238213162966,-1.5681966567348047,-2.9693493643044127,65.77889736796388,58.71966961342382,29.89950716794188,23.579512463222645,16.709656792868575,13.179954323867316,9.465917044295661,6.355969707234117,5.331121007057172,7.841660986509816,7.67840478245744,8.735755637830918,8.0756246353782,824.7853452328909,790.5146992017602,1458.6658566497092,1668.6647110690215,1296.0624883104094,722.3609499886712,0.028907007025193797,0.04694884562265323,3.7360736e-05,7.9361154e-05,0.0005081744193084509,5.094398,0.4763582506607468,0.48149797851718296,0.626062661102528,0.5582002094317735,0.4016827949352285,0.3685025767798363,0.3579153163547092,0.3246910015407911,0.34623507916967466,0.36582094228663886,0.4742890095960416,0.5939292412063383,0.3148218127585661,0.3312544235140497,0.36685847148366596,0.32754055824228784,0.2851159596701909,0.31799546585039423,0.2979034253215469,0.2956936128142062,0.2959142331806356,0.290200123959451,0.29147698720593723,0.36186753457754206
gershom,confirm_transaction,original,Audios\gershom_confirm_transaction.wav,3.264036281179138,123.046875,-526.2374877929688,58.187252044677734,-16.570634841918945,-0.9728034138679504,-8.85483455657959,9.809674263000488,-11.382596015930176,0.2907832860946655,-9.542119026184082,-1.0616790056228638,-9.1552734375e-05,-8.239290237426758,-0.572651743888855,149.91390991210938,80.85735321044922,35.75218200683594,29.480653762817383,21.85297966003418,19.35428810119629,17.232940673828125,9.275581359863281,14.030768394470215,7.9899983406066895,6.856049060821533,10.704724311828613,9.669275283813477,1746.484119321541,1456.3832172398058,3372.3134142287236,2816.6091141997767,1492.708814017513,1082.030305101455,0.18510707557624115,0.22661952990683784,0.01325298,0.021221781,45.192588806152344,5.663019,0.31666117906570435,0.3456244170665741,0.44107702374458313,0.4007345736026764,0.2630026936531067,0.23288948833942413,0.25546982884407043,0.24901965260505676,0.2546541094779968,0.2504345178604126,0.33361339569091797,0.404121458530426,0.30789586901664734,0.35313400626182556,0.4094071686267853,0.37791332602500916,0.3128252327442169,0.29160943627357483,0.33209189772605896,0.29481470584869385,0.3077060878276825,0.2889269292354584,0.30580949783325195,0.38196253776550293
gershom,confirm_transaction,pitch_shifted,Audios\gershom_confirm_transaction.wav,3.264036281179138,117.45383522727273,-544.6876220703125,50.713226318359375,-17.690204620361328,-2.6905109882354736,-7.005756855010986,6.81367301940918,-14.440889358520508,0.9014277458190918,-12.033870697021484,4.477245807647705,-8.605757713317871,-3.5661633014678955,-3.260497570037842,156.39468383789062,74.60157775878906,31.555883407592773,27.770343780517578,18.868667602539062,14.978591918945312,20.565038681030273,9.38469409942627,16.29850959777832,9.335837364196777,10.982024192810059,9.960229873657227,9.9797945022583,2112.8763433553595,1499.7582949848793,4080.160197805851,2847.766917675713,1775.1509598228454,1046.2988535046366,0.11703512854609929,0.10527265454630175,0.009343825,0.014064273,20.58272361755371,5.7464285,0.3154934048652649,0.4081866443157196,0.3404361307621002,0.3525780439376831,0.4159689247608185,0.43039703369140625,0.2687340974807739,0.206493079662323,0.26876917481422424,0.26098501682281494,0.25664281845092773,0.2595624327659607,0.3018021285533905,0.37007614970207214,0.2913109064102173,0.3525872528553009,0.377241313457489,0.3771381378173828,0.28922292590141296,0.23949433863162994,0.33212941884994507,0.3040013015270233,0.2914507985115051,0.310395210981369
gershom,confirm_transaction,time_stretched,Audios\gershom_confirm_transaction.wav,2.720045351473923,135.99917763157896,-551.6619873046875,58.64723587036133,-18.684221267700195,1.1358962059020996,-13.046781539916992,11.694892883300781,-13.028823852539062,1.2167340517044067,-10.572789192199707,0.11096619814634323,-0.2462053745985031,-8.862714767456055,-0.156515970826149,158.50912475585938,75.73352813720703,33.750125885009766,30.79833221435547,21.746849060058594,20.3414249420166,19.41514015197754,7.995450019836426,14.259257316589355,6.7482194900512695,6.6574273109436035,11.176517486572266,8.492256164550781,1914.32122689757,1380.3363510783938,3691.484457759534,2655.2037350244436,1630.0673577102757,1010.182443239998,0.11136950476694915,0.09649222209970691,0.008656006,0.0132806,15.182585716247559,5.487924,0.3284793198108673,0.354673832654953,0.43988388776779175,0.4348834156990051,0.27975982427597046,0.21175630390644073,0.23385244607925415,0.23198142647743225,0.24311073124408722,0.2519177496433258,0.29150503873825073,0.3758387565612793,0.298559308052063,0.37066131830215454,0.38834744691848755,0.36957231163978577,0.29908570647239685,0.23181460797786713,0.29891133308410645,0.2787959575653076,0.2839937210083008,0.2921513319015503,0.2744086682796478,0.3560194969177246
gershom,confirm_transaction,noisy,Audios\gershom_confirm_transaction.wav,3.264036281179138,123.046875,-286.8837962963113,16.497111108257165,1.3249227643776893,-1.3021090842305503,-2.1789228662580467,2.517065217434021,-0.677349023702701,-1.38326885362317,-3.3336292343071996,-0.72969354579282,-0.6345806430951758,-2.3998419949861174,-0.986138011791359,40.02720931411912,35.14362123355462,16.35004377506761,15.811221597755255,9.201466173814977,8.896842738320673,6.750500957635466,8.052808396170143,7.528514208156215,5.543331403792976,4.538504898000351,5.6471768011045045,5.368236097246128,4698.780286182911,1131.2654388083176,8448.65151263298,1561.875381973525,3121.642724852183,304.1132745205313,0.3695042386968085,0.15689611729563718,0.01615552,0.019731078,46.957540431570415,6.3951283,0.6596631106945572,0.5863900394325172,0.6245780196285832,0.7018712392177884,0.6414147448664663,0.53129968398483,0.4943637467688894,0.5207273952239522,0.543228007082083,0.552042452547085,0.5632126952828747,0.6636158354406536,0.3100576914089889,0.3254036420055207,0.32264307955495364,0.3420890435400466,0.3616313983183483,0.3609136527593702,0.319176355482769,0.3282080248632999,0.32542793945032666,0.33373333938424243,0.31553189566625117,0.310117599771497
gershom,confirm_transaction,speed_changed,Audios\gershom_confirm_transaction.wav,2.9673015873015873,123.046875,-553.990234375,58.309593200683594,-18.65858268737793,0.4943748712539673,-12.877099990844727,11.599725723266602,-12.012600898742676,1.8774610757827759,-10.129426956176758,-1.1256177425384521,-0.7501217126846313,-8.720233917236328,-0.26378682255744934,156.9089813232422,76.16165161132812,33.653785705566406,30.300521850585938,21.925695419311523,19.475004196166992,18.505746841430664,9.424772262573242,14.343348503112793,7.38650369644165,6.891561508178711,10.611808776855469,10.076350212097168,1928.431635560866,1399.9428729079261,3711.785888671875,2670.917507947385,1636.7771457084455,1010.1603448717107,0.11148834228515625,0.09748468796484835,0.009320065,0.015183679,20.801633834838867,5.5160217,0.33123722672462463,0.3615207374095917,0.43782010674476624,0.40089353919029236,0.25946804881095886,0.2551947832107544,0.26844289898872375,0.2662160396575928,0.28657931089401245,0.294054239988327,0.3388468027114868,0.38410794734954834,0.2970619797706604,0.3397533595561981,0.38078126311302185,0.35952723026275635,0.2973161041736603,0.2968975007534027,0.3293522596359253,0.3014507591724396,0.31658321619033813,0.3188420236110687,0.29730090498924255,0.3495026230812073
gershom,confirm_transaction,reverb,Audios\gershom_confirm_transaction.wav,3.264036281179138,161.4990234375,-1047.859690571961,71.68351924749096,17.614891541036307,3.0256401784260034,4.094888645651555,8.974804825664675,2.076216453201679,-1.8449181666071266,-3.5449345353213073,0.13829635798313955,0.12618665746463384,-2.8377102547352515,-0.6304572256326156,83.57916017256721,75.46874866580424,27.998015592393507,21.78664694905959,13.314395898328685,13.772027131938492,8.172040870377907,10.05636902061436,9.673096990364396,6.887301900298868,5.494465808719423,6.9858113704534075,6.162677947761611,838.659386114149,753.7191929085378,1553.2159034242022,1526.3019126907468,1137.5029844203532,720.8136702781836,0.038366439494680854,0.0553848418153931,6.9044414e-05,0.00011304172,0.0012666493827431095,5.615904,0.5098338674487451,0.5528340376366742,0.5660271071256692,0.5520057875471232,0.4331529084887906,0.30838310304436034,0.29842765377968944,0.2854814374465777,0.2870229151767032,0.311731285577938,0.3902841542117991,0.5481456163014518,0.30069479560442847,0.3657008698528539,0.3484147529463753,0.3653493714484198,0.3605839199795279,0.3134152860409566,0.3336889987977854,0.3028368144878531,0.3018143887925423,0.32195214675789113,0.2993843628068007,0.3584650651985555
